date,instrument,signal,entry_price,atr14,label
2020-01-07,cl1s,-1,25.41161824,0.47129317000000015,1
2020-01-22,cl1s,-1,22.98425454,0.7517011692857142,1
2020-01-23,cl1s,-1,22.51841223,0.7809105064285712,1
2020-01-24,cl1s,-1,21.95129986,0.7559828799999997,1
2020-01-27,cl1s,-1,21.52596557,0.7553731878571425,1
2020-01-28,cl1s,-1,21.66369286,0.7617214428571424,1
2020-01-29,cl1s,-1,21.60293082,0.6186890814285709,1
2020-01-30,cl1s,-1,21.1208853,0.6192431707142855,1
2020-01-31,cl1s,-1,20.88593874,0.6614733928571425,-1
2020-02-05,cl1s,1,20.55782373,0.7618402499999998,1
2020-02-06,cl1s,1,20.63883978,0.7815155778571425,1
2020-02-07,cl1s,1,20.38363921,0.8017695907142853,1
2020-02-10,cl1s,1,20.07982901,0.7731246285714278,1
2020-02-11,cl1s,1,20.22970871,0.7375354328571423,1
2020-02-12,cl1s,1,20.72795744,0.7323272578571424,1
2020-02-13,cl1s,1,20.82922751,0.7109158721428565,1
2020-02-14,cl1s,1,21.09533843,0.6803990849999995,-1
2020-02-18,cl1s,1,21.08324248,0.683669569285714,-1
2020-02-19,cl1s,1,21.56708051,0.6877798535714282,-1
2020-02-20,cl1s,1,21.72432788,0.6745954221428566,-1
2020-02-21,cl1s,1,21.52272869,0.6437462778571424,-1
2020-02-24,cl1s,1,20.73649188,0.665342493571428,-1
2020-02-25,cl1s,1,20.11959838,0.6676333785714282,-1
2020-02-26,cl1s,1,19.6478563,0.659533453571428,-1
2020-02-27,cl1s,1,18.98661098,0.6863418771428567,-1
2020-02-28,cl1s,1,18.04715879,0.7394348149999994,1
2020-03-18,cl1s,1,8.31173964,1.8590334507142858,1
2020-03-23,cl1s,1,9.32127882,2.059941435714286,-1
2020-03-24,cl1s,1,9.5806466,2.068252685,-1
2020-03-26,cl1s,1,9.01801804,1.990562517142857,-1
2020-03-27,cl1s,1,8.58307823,1.6620571464285712,1
2020-03-30,cl1s,1,8.0164594,1.5870860857142859,1
2020-04-21,cl1s,1,3.5228399,1.609477722142857,1
2020-04-22,cl1s,1,4.1957419,1.6912012721428569,1
2020-04-23,cl1s,1,5.02392899,1.5961931185714282,1
2020-04-24,cl1s,1,5.15790043,1.486971422857143,1
2020-04-27,cl1s,1,3.89126136,1.5106733585714285,1
2020-04-28,cl1s,1,3.75728992,1.4839461014285713,1
2020-04-29,cl1s,1,4.585477,1.5001344235714282,1
2020-04-30,cl1s,1,5.73641346,1.4303670271428568,1
2020-05-01,cl1s,1,6.02262517,1.405540884285714,1
2020-05-04,cl1s,1,6.2083583,1.389622587142857,1
2020-05-05,cl1s,1,7.47804218,1.4523721985714284,1
2020-05-06,cl1s,1,7.30448827,1.4834727114285715,1
2020-05-07,cl1s,1,7.17051683,1.5180530014285714,1
2020-05-08,cl1s,1,7.53284867,1.4504148235714287,1
2020-05-11,cl1s,1,7.35016035,1.1422370149999999,1
2020-05-12,cl1s,1,7.84950844,1.0589398378571429,1
2020-05-13,cl1s,1,7.70031297,0.988256855,1
2020-05-14,cl1s,1,8.35999711,0.9956262292857144,1
2020-05-19,cl1s,1,9.58341132,0.8732646335714287,1
2020-05-27,cl1s,1,9.83828928,0.7186393814285713,1
2020-05-28,cl1s,1,10.10816006,0.7017488921428571,1
2020-06-04,cl1s,1,11.21762883,0.7048767785714285,1
2020-06-05,cl1s,1,11.85932158,0.7121590057142857,-1
2020-06-08,cl1s,1,11.45151684,0.6885988585714282,-1
2020-06-09,cl1s,1,11.67640916,0.6939534378571428,-1
2020-06-10,cl1s,1,11.8743144,0.6930967050000001,-1
2020-06-11,cl1s,1,10.89678246,0.7528538071428572,1
2020-06-12,cl1s,1,10.87279394,0.7363617035714286,1
2020-06-22,cl1s,1,12.12783389,0.6907403042857145,-1
2020-06-24,cl1s,1,11.31792208,0.7233897978571431,1
2020-06-26,cl1s,1,11.46084769,0.6928490521428573,1
2020-07-09,cl1s,1,11.79731841,0.5081090664285713,1
2020-07-10,cl1s,1,12.07423678,0.5110866835714285,1
2020-07-13,cl1s,1,11.94024402,0.5000269628571428,1
2020-07-14,cl1s,1,11.99681874,0.49215754642857135,1
2020-07-15,cl1s,1,12.26778189,0.44855672642857136,-1
2020-07-16,cl1s,1,12.12850997,0.41785685928571414,-1
2020-07-17,cl1s,1,12.07517178,0.4030920707142856,1
2020-07-20,cl1s,1,12.12554673,0.3744841385714284,-1
2020-07-21,cl1s,1,12.42186997,0.38578736999999996,-1
2020-07-22,cl1s,1,12.4159435,0.37208396142857136,-1
2020-07-23,cl1s,1,12.16999522,0.3772439314285715,-1
2020-07-24,cl1s,1,12.23518633,0.37224835785714294,-1
2020-07-27,cl1s,1,12.32704653,0.3782785971428572,-1
2020-07-28,cl1s,1,12.16110552,0.3845482378571429,-1
2020-07-29,cl1s,1,12.22925987,0.3615122914285716,-1
2020-07-30,cl1s,1,11.8292235,0.3705961800000002,1
2020-07-31,cl1s,1,11.93293663,0.3628480057142858,1
2020-08-03,cl1s,1,12.15221583,0.3660804357142859,1
2020-08-21,cl1s,1,12.45736572,0.37103171714285715,-1
2020-08-24,cl1s,1,12.53974793,0.34384025499999993,-1
2020-08-25,cl1s,1,12.75453009,0.3269300607142856,-1
2020-08-26,cl1s,1,12.76629898,0.32130985499999987,-1
2020-09-01,cl1s,1,12.58093903,0.29006394642857114,-1
2020-09-02,cl1s,1,12.21316134,0.3158009057142855,-1
2020-09-16,cl1s,1,11.81596144,0.47348749642857146,-1
2020-09-21,cl1s,1,11.56157178,0.5305491407142858,-1
2020-09-22,cl1s,1,11.63759627,0.5358728485714286,-1
2020-09-23,cl1s,1,11.67560852,0.5253813485714286,-1
2020-09-24,cl1s,1,11.78672125,0.5184937507142856,-1
2020-09-25,cl1s,1,11.76917714,0.4849576057142856,-1
2020-09-28,cl1s,1,11.87151781,0.4297634164285712,-1
2020-09-29,cl1s,1,11.4884713,0.4294656785714283,-1
2020-09-30,cl1s,1,11.76040508,0.43849293285714264,-1
2020-10-01,cl1s,1,11.3218022,0.47405821928571407,1
2020-10-02,cl1s,1,10.833491,0.4996360014285712,1
2020-10-05,cl1s,1,11.46800316,0.5247115564285713,-1
2020-10-07,cl1s,1,11.68145656,0.509405909285714,-1
2020-10-08,cl1s,1,12.04403494,0.517133674285714,-1
2020-10-09,cl1s,1,11.87151781,0.48517832214285683,-1
2020-10-12,cl1s,1,11.52940756,0.4952035307142855,-1
2020-10-13,cl1s,1,11.75455704,0.48872891714285693,-1
2020-10-14,cl1s,1,12.00017465,0.49060864357142847,-1
2020-10-15,cl1s,1,11.97114665,0.5136900864285714,-1
2020-10-16,cl1s,1,11.93631305,0.5122914314285714,-1
2020-10-19,cl1s,1,11.91889625,0.47876948857142854,-1
2020-10-20,cl1s,1,12.10467544,0.4733297699999999,-1
2020-10-21,cl1s,1,11.61990787,0.453406062142857,-1
2020-10-22,cl1s,1,11.79697866,0.4369165464285714,-1
2020-10-23,cl1s,1,11.56765747,0.4080983164285713,-1
2020-10-26,cl1s,1,11.19319629,0.4038920457142856,-1
2020-10-27,cl1s,1,11.48637907,0.40222996857142856,-1
2020-10-28,cl1s,1,10.8535687,0.4233483221428571,-1
2020-10-29,cl1s,1,10.49942712,0.4594681128571429,-1
2020-10-30,cl1s,1,10.38912072,0.45570684071428563,1
2020-11-02,cl1s,1,10.68520631,0.5038388764285714,1
2020-11-03,cl1s,1,10.9319443,0.5121368342857142,1
2020-11-04,cl1s,1,11.36446148,0.510892777142857,1
2020-11-05,cl1s,1,11.25996068,0.5133808914285714,1
2020-11-06,cl1s,1,10.78099871,0.534944547142857,1
2020-11-09,cl1s,1,11.69538066,0.59196383,1
2020-11-10,cl1s,1,12.00598025,0.6025383150000001,1
2020-11-11,cl1s,1,12.03210545,0.6114540578571429,1
2020-11-12,cl1s,1,11.93631305,0.6108320285714287,1
2020-11-13,cl1s,1,11.64893587,0.6002575428571431,1
2020-11-16,cl1s,1,12.00017465,0.613527485,1
2020-11-17,cl1s,1,12.02326856,0.5827122585714285,1
2020-11-18,cl1s,1,12.12719117,0.5522818907142858,1
2020-11-19,cl1s,1,12.09543704,0.541812647857143,1
2020-11-20,cl1s,1,12.24554748,0.4882115035714286,1
2020-11-23,cl1s,1,12.43029878,0.47398944000000004,1
2020-11-24,cl1s,1,12.96434553,0.4818027785714287,1
2020-12-01,cl1s,1,12.86042292,0.4106144535714286,1
2020-12-02,cl1s,1,13.07115487,0.41577592857142864,1
2020-12-03,cl1s,1,13.17507748,0.41273776,1
2020-12-04,cl1s,1,13.35405531,0.4128223535714285,1
2020-12-07,cl1s,1,13.20971835,0.3965142428571428,1
2020-12-08,cl1s,1,13.16353053,0.3897097857142858,1
2020-12-09,cl1s,1,13.14043661,0.3878540242857142,1
2020-12-11,cl1s,1,13.44354423,0.4156904385714286,1
2021-01-04,cl1s,1,13.69510189,0.41524015714285706,1
2021-01-05,cl1s,1,14.359438,0.4399609542857142,1
2021-01-06,cl1s,1,14.56075197,0.4454153449999999,1
2021-01-07,cl1s,1,14.61827025,0.44782087428571427,1
2021-01-08,cl1s,1,15.0237741,0.47123902999999995,1
2021-01-11,cl1s,1,15.02665002,0.4720607192857142,1
2021-01-15,cl1s,1,15.0613076,0.43830433928571455,1
2021-01-19,cl1s,1,15.22220673,0.4364289671428575,1
2021-01-20,cl1s,1,15.31702229,0.44195597857142893,1
2021-01-21,cl1s,1,15.26530471,0.4339317050000004,1
2021-02-04,cl1s,-1,16.15599631,0.4079942171428573,-1
2021-02-05,cl1s,-1,16.33413463,0.3893184250000003,-1
2021-02-08,cl1s,-1,16.65593288,0.38767659714285735,-1
2021-02-09,cl1s,-1,16.76798763,0.39485959428571454,-1
2021-02-10,cl1s,-1,16.85992999,0.3983484778571433,-1
2021-02-11,cl1s,-1,16.73350925,0.3809040571428577,-1
2021-02-12,cl1s,-1,17.08691269,0.4071733021428579,-1
2021-02-16,cl1s,-1,17.25355821,0.4207183814285721,-1
2021-02-17,cl1s,-1,17.56370873,0.4358828464285721,1
2021-02-18,cl1s,-1,17.38278759,0.4551489085714292,-1
2021-02-19,cl1s,-1,17.01807356,0.4676480671428576,-1
2021-02-22,cl1s,-1,17.71878398,0.4942929264285722,-1
2021-02-23,cl1s,-1,17.71016869,0.5049409300000007,-1
2021-02-24,cl1s,-1,18.15529212,0.5248220628571436,1
2021-02-25,cl1s,-1,18.2443168,0.5223474335714293,1
2021-03-05,cl1s,-1,18.97948839,0.7048295392857143,1
2021-03-08,cl1s,-1,18.68082493,0.7415304921428572,1
2021-04-15,cl1s,1,18.20152545,0.619499350714286,1
2021-04-16,cl1s,1,18.10981567,0.5788979207142858,1
2021-04-19,cl1s,1,18.178598,0.5514133192857145,1
2021-04-20,cl1s,1,17.96078727,0.562824170714286,1
2021-04-21,cl1s,1,17.58248443,0.5523313500000003,1
2021-04-22,cl1s,1,17.60541188,0.5188981507142861,1
2021-04-23,cl1s,1,17.80889295,0.46374352500000043,1
2021-04-26,cl1s,1,17.74297655,0.45079510000000056,1
2021-04-27,cl1s,1,18.0381674,0.4399019371428575,1
2021-04-28,cl1s,1,18.30183302,0.45522995000000044,1
2021-04-29,cl1s,1,18.63141504,0.47506746714285747,-1
2021-04-30,cl1s,1,18.22158696,0.47276937357142906,1
2021-05-03,cl1s,1,18.48238665,0.4895339821428575,-1
2021-05-04,cl1s,1,18.82629832,0.46161953928571464,-1
2021-05-05,cl1s,1,18.80910274,0.4786104135714288,-1
2021-05-12,cl1s,1,18.93806962,0.47983866999999997,-1
2021-05-14,cl1s,1,18.73458854,0.5299924557142857,-1
2021-05-17,cl1s,1,18.9982945,0.534091622857143,-1
2021-05-19,cl1s,1,18.15844835,0.5904068278571428,1
2021-05-20,cl1s,1,17.75429031,0.5975787957142854,1
2021-05-21,cl1s,1,18.22437484,0.6127351478571426,1
2021-05-24,cl1s,1,18.93236801,0.6262539821428569,1
2021-05-25,cl1s,1,18.93810075,0.6111089371428571,1
2021-05-26,cl1s,1,18.97822992,0.6049713535714287,1
2021-05-27,cl1s,1,19.16167754,0.6072276978571429,1
2021-05-28,cl1s,1,19.00975998,0.5980200057142859,1
2021-06-01,cl1s,1,19.41105166,0.6129717735714291,1
2021-06-02,cl1s,1,19.72921863,0.6051968278571432,1
2021-06-03,cl1s,1,19.72348589,0.5687623571428578,1
2021-06-04,cl1s,1,19.95566179,0.551161834285715,1
2021-06-07,cl1s,1,19.84387339,0.5405153200000006,1
2021-06-08,cl1s,1,20.07891566,0.518403329285715,1
2021-06-09,cl1s,1,20.05311834,0.4694703142857148,1
2021-06-10,cl1s,1,20.14770852,0.4631233542857152,1
2021-06-15,cl1s,1,20.67225407,0.42627003714285777,-1
2021-06-16,cl1s,1,20.68085317,0.4303648500000004,-1
2021-06-17,cl1s,1,20.34455577,0.45323675642857175,1
2021-06-18,cl1s,1,20.49114695,0.46563217428571463,1
2021-06-21,cl1s,1,21.01715058,0.46475075142857186,1
2021-06-22,cl1s,1,20.93954349,0.45907492571428626,1
2021-06-24,cl1s,1,21.06888864,0.4608676500000001,1
2021-06-25,cl1s,1,21.2844639,0.46626660000000036,1
2021-06-28,cl1s,1,20.95678951,0.4669849707142862,1
2021-06-29,cl1s,1,20.97690986,0.48101205285714344,1
2021-06-30,cl1s,1,21.11775237,0.46777903357142897,1
2021-07-01,cl1s,1,21.62363564,0.493942156428572,-1
2021-07-02,cl1s,1,21.60351528,0.4956489457142865,-1
2021-07-06,cl1s,1,21.089009,0.5441976635714294,-1
2021-07-07,cl1s,1,20.75271159,0.5937558564285723,1
2021-07-08,cl1s,1,20.96541252,0.5925239971428581,-1
2021-07-09,cl1s,1,21.43105508,0.5943717842857151,-1
2021-07-12,cl1s,1,21.29883558,0.5793841707142864,-1
2021-07-13,cl1s,1,21.62938431,0.5966301914285719,-1
2021-07-14,cl1s,1,21.02002492,0.6335859500000005,-1
2021-07-15,cl1s,1,20.65541545,0.6405855328571436,-1
2021-07-16,cl1s,1,20.70750252,0.6521379385714293,-1
2021-07-19,cl1s,1,19.19987133,0.7385830750000005,1
2021-07-20,cl1s,1,19.44583803,0.7545467007142863,1
2021-07-21,cl1s,1,20.34289306,0.8115705571428578,-1
2021-07-22,cl1s,1,20.80878292,0.7983206435714288,-1
2021-07-23,cl1s,1,20.85508254,0.7904271264285716,-1
2021-07-26,cl1s,1,20.80878292,0.7461338892857144,-1
2021-07-27,cl1s,1,20.73354605,0.6941583242857146,-1
2021-07-28,cl1s,1,20.94768177,0.6624668792857145,-1
2021-07-29,cl1s,1,21.30361005,0.6499343350000001,-1
2021-07-30,cl1s,1,21.39910301,0.6404648171428572,-1
2021-08-02,cl1s,1,20.62069074,0.6729640200000002,-1
2021-08-03,cl1s,1,20.41812993,0.663903397857143,-1
2021-08-04,cl1s,1,19.72074199,0.6916004885714288,-1
2021-08-05,cl1s,1,19.99275222,0.6887067628571426,-1
2021-08-06,cl1s,1,19.75836042,0.6138832785714285,-1
2021-08-09,cl1s,1,19.23748976,0.6248380978571427,-1
2021-08-10,cl1s,1,19.76125415,0.5907334714285716,-1
2021-08-11,cl1s,1,20.03905184,0.6033418485714288,-1
2021-08-12,cl1s,1,19.99275222,0.6103694685714286,-1
2021-08-13,cl1s,1,19.80466004,0.6016882914285715,-1
2021-08-16,cl1s,1,19.47188156,0.6318657192857143,-1
2021-08-17,cl1s,1,19.26569161,0.6406482557142859,-1
2021-08-18,cl1s,1,18.93753015,0.6747725807142858,1
2021-08-19,cl1s,1,18.44093183,0.7059839442857145,1
2021-08-20,cl1s,1,18.04597644,0.6817582142857146,1
2021-08-23,cl1s,1,19.06240575,0.7128709007142862,1
2021-08-24,cl1s,1,19.61418166,0.7012661250000003,1
2021-08-25,cl1s,1,19.85231653,0.6989056435714289,1
2021-08-26,cl1s,1,19.57933266,0.6775085335714286,1
2021-08-27,cl1s,1,19.96267171,0.646624922857143,1
2021-08-30,cl1s,1,20.09916365,0.6374694107142859,1
2021-08-31,cl1s,1,19.8929737,0.6044855592857145,1
2021-09-01,cl1s,1,19.91911046,0.6244850985714291,1
2021-09-02,cl1s,1,20.32568218,0.6519737371428577,1
2021-09-03,cl1s,1,20.12239632,0.626659785714286,1
2021-09-07,cl1s,1,19.84941245,0.6364092100000003,1
2021-09-08,cl1s,1,20.1253004,0.6028048121428576,1
2021-09-09,cl1s,1,19.78842669,0.5930553885714289,1
2021-09-10,cl1s,1,20.24727192,0.5942999957142858,1
2021-09-13,cl1s,1,20.45927004,0.5362183207142854,1
2021-09-14,cl1s,1,20.46217412,0.5123633478571425,1
2021-09-15,cl1s,1,21.08655213,0.5343514107142856,-1
2021-09-16,cl1s,1,21.09821343,0.5363331528571429,-1
2021-09-17,cl1s,1,20.93787051,0.5331322428571428,1
2021-09-20,cl1s,1,20.44809576,0.5384963749999999,1
2021-09-21,cl1s,1,20.55013216,0.5575407485714283,1
2021-09-22,cl1s,1,21.05739887,0.5512556228571425,1
2021-09-23,cl1s,1,21.36933874,0.5331531514285709,1
2021-09-24,cl1s,1,21.5675809,0.5328555214285711,1
2021-09-27,cl1s,1,21.9961338,0.5315456121428568,1
2021-09-28,cl1s,1,21.94948859,0.5522767642857137,1
2021-09-29,cl1s,1,21.8153836,0.5466332128571422,1
2021-09-30,cl1s,1,21.87369012,0.5603517414285706,1
2021-10-01,cl1s,1,22.12149282,0.5667161071428567,1
2021-10-04,cl1s,1,22.62875952,0.6047149164285711,1
2021-11-03,cl1s,1,23.73092812,0.6915686014285721,1
2021-11-05,cl1s,1,23.85125561,0.795544967142858,-1
2021-11-08,cl1s,1,24.04495351,0.7894657035714293,-1
2021-11-09,cl1s,1,24.69648283,0.7890464442857148,-1
2021-11-10,cl1s,1,23.87179933,0.8097997914285718,-1
2021-11-11,cl1s,1,23.94516974,0.8028820085714289,-1
2021-11-12,cl1s,1,23.71038441,0.799108672857143,-1
2021-11-15,cl1s,1,23.73679776,0.7988990428571431,-1
2021-11-16,cl1s,1,23.70157995,0.780870882857143,-1
2021-11-17,cl1s,1,23.05063363,0.7853977178571429,-1
2021-11-18,cl1s,1,23.30625639,0.7866594399999999,-1
2021-11-19,cl1s,1,22.57208405,0.831818645,-1
2021-11-22,cl1s,1,22.81284502,0.8515385128571425,-1
2021-11-23,cl1s,1,23.33300761,0.8386575592857142,-1
2021-11-24,cl1s,1,23.30031167,0.756817876428571,-1
2021-11-26,cl1s,1,20.25661743,0.9329887442857137,1
2021-11-29,cl1s,1,20.79164181,1.0005135049999994,-1
2021-11-30,cl1s,1,19.67106297,1.0849283678571424,1
2021-12-01,cl1s,1,19.48974916,1.0964471214285711,1
2021-12-02,cl1s,1,19.76617842,1.1592254799999997,1
2021-12-03,cl1s,1,19.69484183,1.197510279285714,1
2021-12-06,cl1s,1,20.65491336,1.2402697042857138,1
2021-12-07,cl1s,1,21.41583692,1.2781137921428567,1
2021-12-08,cl1s,1,21.50798,1.2628273814285707,1
2021-12-09,cl1s,1,21.08590522,1.2753537449999997,1
2021-12-10,cl1s,1,21.30288733,1.228008333571428,1
2021-12-13,cl1s,1,21.18993774,1.225672909285714,1
2021-12-14,cl1s,1,21.02348571,1.2035925385714281,1
2021-12-15,cl1s,1,21.06509871,1.2252482878571427,1
2021-12-16,cl1s,1,21.50929624,1.0306901064285712,-1
2021-12-17,cl1s,1,21.08298586,0.9813761735714284,1
2021-12-20,cl1s,1,20.45395447,0.9351702599999998,1
2021-12-21,cl1s,1,21.20223352,0.9001152549999999,1
2021-12-22,cl1s,1,21.69114892,0.8429401264285714,1
2021-12-23,cl1s,1,21.99821163,0.8018577471428571,1
2021-12-27,cl1s,1,22.52886371,0.7942243371428572,1
2021-12-28,cl1s,1,22.65109256,0.7486651228571429,1
2021-12-29,cl1s,1,22.82400166,0.7470934607142858,1
2021-12-30,cl1s,1,22.95219289,0.7198100521428571,1
2021-12-31,cl1s,1,22.42154082,0.7224921871428569,1
2022-01-03,cl1s,1,22.68090447,0.7205072607142858,1
2022-01-04,cl1s,1,22.95219289,0.7083156185714287,1
2022-01-05,cl1s,1,23.20857536,0.7042000064285714,1
2022-01-06,cl1s,1,23.68854718,0.734650747142857,1
2022-01-07,cl1s,1,23.52160046,0.7240036349999998,1
2022-01-10,cl1s,1,23.32186063,0.6605468457142852,1
2022-01-11,cl1s,1,24.21323687,0.6684257092857138,1
2022-01-12,cl1s,1,24.63656606,0.6592691921428566,1
2022-01-13,cl1s,1,24.4815441,0.6565009428571423,1
2022-01-14,cl1s,1,24.98545239,0.6391776399999998,1
2022-01-18,cl1s,1,25.44436886,0.6749239171428568,1
2022-01-19,cl1s,1,25.7353159,0.6741148828571425,-1
2022-01-20,cl1s,1,25.66032955,0.7008980185714283,-1
2022-01-21,cl1s,1,25.53735194,0.7151019078571428,1
2022-01-24,cl1s,1,24.98845184,0.7582369307142854,1
2022-01-25,cl1s,1,25.67532682,0.7752012428571425,1
2022-01-26,cl1s,1,26.20023128,0.7941107342857142,1
2022-01-27,cl1s,1,25.97827168,0.7695017385714288,1
2022-01-28,cl1s,1,26.04126022,0.7793972135714287,1
2022-01-31,cl1s,1,26.44018761,0.7888211478571431,1
2022-02-01,cl1s,1,26.45518488,0.7669777914285719,1
2022-02-02,cl1s,1,26.4731816,0.7820125792857144,1
2022-02-10,cl1s,1,26.95909316,0.8233501421428573,1
2022-02-15,cl1s,1,27.6159736,0.9122625307142859,1
2022-02-16,cl1s,1,28.11190396,0.9686182528571431,1
2022-02-17,cl1s,1,27.56393153,0.982798293571429,1
2022-02-18,cl1s,1,27.6159736,1.0178154835714288,1
2022-02-22,cl1s,1,28.13639435,1.0969034450000001,1
2022-02-23,cl1s,1,28.19455902,1.1120553257142858,1
2022-02-24,cl1s,1,28.41191121,1.2315497764285717,1
2022-02-25,cl1s,1,28.0384328,1.2871479042857144,1
2022-02-28,cl1s,1,29.30274907,1.4085153571428572,1
2022-03-03,cl1s,1,32.96100075,1.907345772857143,1
2022-03-14,cl1s,-1,31.53443566,3.073762338571428,-1
2022-03-21,cl1s,-1,34.18667643,3.0664294614285708,1
2022-03-22,cl1s,-1,33.96906551,3.0062275378571424,1
2022-03-23,cl1s,-1,35.72860528,2.9403825414285714,1
2022-03-24,cl1s,-1,34.92344485,2.8825113928571424,1
2022-03-25,cl1s,-1,35.40840635,2.6761860528571426,1
2022-03-28,cl1s,-1,32.9400767,2.6515099914285716,1
2022-04-14,cl1s,-1,33.21721321,1.9554680757142855,1
2022-04-27,cl1s,1,31.85580083,1.5145593935714288,1
2022-04-28,cl1s,1,32.89871766,1.527096397857143,1
2022-04-29,cl1s,1,32.68950979,1.543942567142857,1
2022-05-02,cl1s,1,32.83939005,1.5460539542857146,1
2022-05-03,cl1s,1,31.97757854,1.4718086264285717,1
2022-05-04,cl1s,1,33.6637315,1.5079471085714287,-1
2022-05-05,cl1s,1,33.80424424,1.4992487014285714,-1
2022-05-06,cl1s,1,34.27574257,1.5030403142857138,-1
2022-05-09,cl1s,1,32.18990891,1.5364957299999993,1
2022-05-10,cl1s,1,31.15011459,1.5637061349999992,1
2022-05-11,cl1s,1,33.00800535,1.671432573571428,1
2022-05-12,cl1s,1,33.13915058,1.7060031699999991,1
2022-05-13,cl1s,1,34.50056296,1.655150937857142,1
2022-05-16,cl1s,1,35.65901249,1.6790158014285708,-1
2022-05-17,cl1s,1,34.96062904,1.7044473828571418,1
2022-05-18,cl1s,1,34.13468697,1.7248491428571422,1
2022-05-19,cl1s,1,35.04354215,1.788576952857143,1
2022-05-20,cl1s,1,35.1679118,1.7286234435714285,1
2022-05-23,cl1s,1,35.17110077,1.7101071778571426,1
2022-05-24,cl1s,1,35.00527456,1.6360596692857137,1
2022-05-25,cl1s,1,35.18385663,1.5821328021428567,1
2022-05-26,cl1s,1,36.38290767,1.5981257399999997,1
2022-05-27,cl1s,1,36.69542629,1.4674744535714275,1
2022-05-31,cl1s,1,36.56786767,1.4820629535714274,1
2022-06-01,cl1s,1,36.75601663,1.373221892857142,1
2022-06-02,cl1s,1,37.26944008,1.4178254835714275,1
2022-06-03,cl1s,1,37.90723319,1.4363668407142842,-1
2022-06-06,cl1s,1,37.78924146,1.3614604978571414,-1
2022-06-07,cl1s,1,38.07943733,1.3382266057142849,-1
2022-06-08,cl1s,1,38.94045802,1.2824197085714277,-1
2022-06-09,cl1s,1,38.74912009,1.1687558657142847,-1
2022-06-10,cl1s,1,38.48124698,1.203151137142856,-1
2022-06-13,cl1s,1,38.56416009,1.248024437857142,-1
2022-06-14,cl1s,1,37.92636698,1.344604536428571,-1
2022-06-15,cl1s,1,36.89224877,1.395052236428571,-1
2022-06-16,cl1s,1,37.59688452,1.4146807421428567,-1
2022-06-21,cl1s,1,35.72764246,1.5644132178571424,-1
2022-06-22,cl1s,1,34.641329,1.6812434357142851,1
2022-06-23,cl1s,1,34.01498611,1.6418056828571426,1
2020-01-21,ho1s,1,1.62481978,0.04780785214285715,-1
2020-01-23,ho1s,1,1.59142091,0.0508279635714286,-1
2020-01-31,ho1s,1,1.444279,0.04723074928571426,1
2020-02-03,ho1s,1,1.39948896,0.04797392357142855,1
2020-02-04,ho1s,1,1.40481055,0.04872422499999997,1
2020-03-09,ho1s,1,1.03433707,0.07732378857142859,1
2020-04-15,ho1s,-1,0.80619064,0.07202227071428571,1
2020-04-16,ho1s,-1,0.83486343,0.07236886428571429,1
2020-04-21,ho1s,1,0.64130004,0.0819411642857143,1
2020-05-18,ho1s,-1,0.82871631,0.06501108214285715,-1
2020-05-20,ho1s,-1,0.81570586,0.060670344285714294,-1
2020-07-01,ho1s,-1,0.93442002,0.03917466928571429,-1
2020-07-10,ho1s,-1,0.96682405,0.03304226642857143,1
2020-09-08,ho1s,1,0.81993471,0.03357206,1
2020-09-21,ho1s,1,0.84315909,0.03393369571428574,1
2020-09-22,ho1s,1,0.83463079,0.03417845000000003,1
2020-09-23,ho1s,1,0.84125365,0.033097477857142885,1
2020-09-24,ho1s,1,0.84772599,0.03143473000000002,1
2020-09-25,ho1s,1,0.85291892,0.029981320714285737,-1
2020-09-29,ho1s,1,0.8396732,0.026437313571428582,1
2020-09-30,ho1s,1,0.86714301,0.027248467857142855,-1
2020-10-01,ho1s,1,0.84667236,0.02922798142857142,1
2020-10-02,ho1s,1,0.81656845,0.03097640571428571,1
2020-10-23,ho1s,1,0.8658414,0.02827702142857143,-1
2020-10-26,ho1s,1,0.8430443,0.02714945928571429,-1
2020-10-27,ho1s,1,0.86628987,0.02666867285714286,-1
2020-10-29,ho1s,1,0.81239901,0.030565273571428575,-1
2020-10-30,ho1s,1,0.81165157,0.02984401642857143,-1
2020-12-18,ho1s,-1,1.12565918,0.026905920714285676,1
2020-12-21,ho1s,-1,1.09917308,0.028872184285714253,-1
2021-01-04,ho1s,1,1.08667473,0.029543353571428534,1
2021-06-17,ho1s,1,1.54375104,0.033382352857142875,1
2021-06-28,ho1s,1,1.58158521,0.036331698571428594,1
2021-06-29,ho1s,1,1.58434448,0.03729318500000002,1
2021-07-07,ho1s,1,1.55794495,0.043981472857142836,1
2021-07-08,ho1s,1,1.58128691,0.044289607142857124,-1
2021-11-03,ho1s,1,1.82025181,0.04537423928571428,1
2021-11-04,ho1s,1,1.79939125,0.04878367357142858,1
2021-11-05,ho1s,1,1.83602807,0.04872208571428571,-1
2021-11-08,ho1s,1,1.84462651,0.047824664999999995,-1
2021-11-12,ho1s,1,1.79722295,0.04934755214285713,-1
2021-11-15,ho1s,1,1.79303588,0.051061899285714266,-1
2021-11-18,ho1s,1,1.78249345,0.0500364957142857,-1
2021-11-22,ho1s,1,1.74233989,0.05587413642857143,-1
2021-11-26,ho1s,1,1.56729628,0.06426601785714288,1
2021-11-29,ho1s,1,1.61040124,0.06933213285714288,-1
2021-11-30,ho1s,1,1.54450687,0.07455545142857145,1
2021-12-01,ho1s,1,1.55710102,0.07500224785714289,1
2021-12-02,ho1s,1,1.57681685,0.07885455142857145,1
2021-12-03,ho1s,1,1.57306859,0.07984336357142861,1
2021-12-14,ho1s,1,1.66302677,0.0730856592857143,1
2021-12-15,ho1s,1,1.66452607,0.07406020571428572,1
2021-12-16,ho1s,1,1.69893507,0.06118762,-1
2021-12-17,ho1s,1,1.66415124,0.05757322928571429,1
2021-12-20,ho1s,1,1.62899259,0.05530821142857142,1
2021-12-21,ho1s,1,1.69256303,0.054981577857142847,1
2021-12-22,ho1s,1,1.72849824,0.051757429285714265,1
2021-12-23,ho1s,1,1.74669137,0.049879699285714264,1
2021-12-27,ho1s,1,1.76285469,0.04937782999999997,1
2021-12-28,ho1s,1,1.77495839,0.04850193785714282,1
2021-12-29,ho1s,1,1.77961944,0.04827476571428568,1
2022-05-31,ho1s,-1,3.67486556,0.14966359,-1
2022-06-02,ho1s,-1,3.93019167,0.1588164835714286,-1
2020-01-03,rb1s,1,5.76461896,0.11679691142857143,-1
2020-01-06,rb1s,1,5.7830784,0.11942473714285715,-1
2020-01-07,rb1s,-1,5.67693663,0.12582487785714289,1
2020-01-08,rb1s,1,5.43498613,0.15948887357142866,-1
2020-01-09,rb1s,1,5.44784181,0.15945848785714295,-1
2020-01-10,rb1s,1,5.47058647,0.15851053357142858,-1
2020-01-13,rb1s,1,5.46300492,0.160060285,-1
2020-01-14,rb1s,1,5.45344557,0.162909255,-1
2020-01-15,rb1s,1,5.39543019,0.1636862464285715,-1
2020-01-16,rb1s,1,5.4547641,0.16184972000000006,-1
2020-01-17,rb1s,1,5.40795624,0.16309761500000006,-1
2020-01-21,rb1s,1,5.39444129,0.16653521428571436,-1
2020-01-22,rb1s,1,5.20688021,0.17308078071428573,-1
2020-01-23,rb1s,-1,5.14293144,0.17769564,1
2020-01-24,rb1s,-1,4.98893775,0.17516336214285713,1
2020-01-27,rb1s,-1,4.88137104,0.18018811499999993,-1
2020-01-28,rb1s,-1,4.95101149,0.1823834614285713,-1
2020-01-29,rb1s,-1,5.03765338,0.15094652999999975,1
2020-01-30,rb1s,-1,4.92223985,0.15475559571428552,1
2020-01-31,rb1s,-1,4.91766254,0.15962994357142848,-1
2020-02-03,rb1s,-1,4.81826959,0.16494666857142842,-1
2020-02-04,rb1s,1,4.71854968,0.17328710071428555,1
2020-02-05,rb1s,1,4.85946535,0.18466235285714264,1
2020-02-06,rb1s,1,4.89771856,0.19187378571428543,1
2020-02-07,rb1s,1,4.98239874,0.19603622142857116,1
2020-02-10,rb1s,1,4.97389803,0.19524630928571401,1
2020-02-11,rb1s,1,4.95068454,0.1866581871428569,1
2020-02-12,rb1s,1,5.16908748,0.1952128049999997,1
2020-02-13,rb1s,1,5.16647188,0.19264390714285687,1
2020-02-14,rb1s,1,5.17660734,0.18183118714285687,1
2020-02-18,rb1s,1,5.27959675,0.1790754614285712,-1
2020-02-19,rb1s,-1,5.43816775,0.1861516049999998,1
2020-02-20,rb1s,-1,5.45909258,0.18185454142857121,1
2020-02-21,rb1s,1,5.38781387,0.181207284285714,-1
2020-02-24,rb1s,1,5.24097361,0.1865082014285712,-1
2020-02-25,rb1s,1,5.02285464,0.1917580207142855,-1
2020-02-26,rb1s,1,4.78607472,0.1924769728571427,-1
2020-02-27,rb1s,1,4.65177707,0.196019542142857,-1
2020-02-28,rb1s,1,4.53614036,0.1980601192857141,1
2020-03-02,rb1s,1,4.70990134,0.21037472928571413,-1
2020-03-03,rb1s,1,4.68451021,0.2193066557142856,-1
2020-03-04,rb1s,1,4.75854217,0.21014270928571419,-1
2020-03-05,rb1s,1,4.65544807,0.2125391828571428,-1
2020-03-06,rb1s,1,4.24919002,0.23454647428571423,-1
2020-03-09,rb1s,1,3.47797274,0.2960990157142857,-1
2020-03-10,rb1s,1,3.53976801,0.30502202857142857,-1
2020-03-11,rb1s,-1,3.39659876,0.3213441785714286,1
2020-03-12,rb1s,1,2.74560694,0.36814951071428575,-1
2020-03-13,rb1s,1,2.75080754,0.38241836357142855,-1
2020-03-16,rb1s,1,2.11052282,0.41314119071428573,-1
2020-03-17,rb1s,-1,2.17629502,0.41322859500000003,1
2020-03-18,rb1s,-1,1.95083404,0.42260277214285713,1
2020-03-19,rb1s,-1,2.09553288,0.42421976214285717,1
2020-03-20,rb1s,-1,1.85202278,0.4310591978571429,1
2020-03-23,rb1s,-1,1.25976706,0.4646445371428572,-1
2020-04-01,rb1s,-1,1.39167718,0.35721180428571425,-1
2020-04-03,rb1s,-1,1.76117829,0.33423760642857137,1
2020-04-06,rb1s,-1,1.78664356,0.3300134157142858,1
2020-04-07,rb1s,-1,1.65065901,0.3217228678571429,-1
2020-04-08,rb1s,-1,1.72654552,0.32181117000000004,1
2020-04-09,rb1s,-1,1.72476295,0.3081011592857143,1
2020-04-13,rb1s,-1,1.79097266,0.27158713714285715,1
2020-04-14,rb1s,-1,1.83349967,0.26200128142857143,1
2020-04-15,rb1s,-1,1.83451828,0.25079656071428574,1
2020-04-16,rb1s,-1,1.79555641,0.24846830785714286,1
2020-04-17,rb1s,-1,1.80981696,0.24252034785714288,1
2020-04-20,rb1s,-1,1.7018442,0.24015571500000005,1
2020-04-21,rb1s,1,1.29949289,0.2584907121428572,1
2020-04-22,rb1s,1,1.62570304,0.27895387785714293,1
2020-04-23,rb1s,1,1.61293388,0.25874946571428575,1
2020-04-24,rb1s,1,1.65549774,0.24646388857142862,1
2020-04-27,rb1s,1,1.61955492,0.23665073642857148,1
2020-04-28,rb1s,1,1.66471991,0.23089390500000007,1
2020-04-29,rb1s,1,1.78413519,0.2310967671428572,1
2020-04-30,rb1s,-1,1.85318323,0.23051880214285722,-1
2020-05-01,rb1s,-1,1.81203816,0.22724611357142857,-1
2020-05-04,rb1s,1,1.94256734,0.23162736785714286,1
2020-05-05,rb1s,-1,2.13126712,0.23506536499999994,-1
2020-05-06,rb1s,-1,2.07356945,0.23491221357142855,-1
2020-05-07,rb1s,-1,2.20244336,0.24097988285714284,-1
2020-05-08,rb1s,-1,2.25162827,0.23522040785714285,-1
2020-05-11,rb1s,-1,2.18541781,0.21109478499999998,-1
2020-05-12,rb1s,-1,2.17193926,0.18321039785714285,-1
2020-05-13,rb1s,1,2.0163447,0.17934249142857137,1
2020-05-14,rb1s,-1,2.16248062,0.1846629735714285,-1
2020-05-15,rb1s,-1,2.29419213,0.1882944142857142,-1
2020-05-18,rb1s,-1,2.42566717,0.19118267642857134,-1
2020-05-19,rb1s,-1,2.47154155,0.18084573857142844,-1
2020-05-20,rb1s,-1,2.46823103,0.17294102214285706,-1
2020-05-21,rb1s,-1,2.4815526,0.16841014928571418,-1
2020-05-22,rb1s,-1,2.45818142,0.16263852285714278,-1
2020-05-26,rb1s,-1,2.48856396,0.15598527714285712,-1
2020-05-27,rb1s,-1,2.37848567,0.15301431285714281,-1
2020-05-28,rb1s,-1,2.39788376,0.14628467999999994,-1
2020-05-29,rb1s,-1,2.52058249,0.152613595,-1
2020-06-01,rb1s,-1,2.49300449,0.14956177357142852,-1
2020-06-02,rb1s,-1,2.61359981,0.15087316214285712,-1
2020-06-03,rb1s,-1,2.61593693,0.14384562714285712,-1
2020-06-04,rb1s,-1,2.68534935,0.1357651814285714,-1
2020-06-05,rb1s,-1,2.83632722,0.13820128785714286,1
2020-06-08,rb1s,-1,2.79285681,0.13176292357142858,1
2020-06-09,rb1s,-1,2.82861473,0.13199692071428573,1
2020-06-10,rb1s,-1,2.82767988,0.12755659785714288,1
2020-06-11,rb1s,-1,2.61476837,0.14084478714285714,-1
2020-06-12,rb1s,1,2.62762252,0.14049421928571423,1
2020-06-15,rb1s,1,2.72437923,0.1454856371428571,1
2020-06-16,rb1s,1,2.82160337,0.1459697542857142,1
2020-06-17,rb1s,-1,2.84030032,0.14421691499999995,-1
2020-06-18,rb1s,-1,2.93939415,0.13965953357142855,1
2020-06-19,rb1s,-1,2.9718801,0.14036066928571428,1
2020-06-22,rb1s,-1,3.01792134,0.13879146071428572,1
2020-06-23,rb1s,-1,3.03639745,0.13984896285714288,1
2020-06-24,rb1s,1,2.80462746,0.15241678714285714,1
2020-06-25,rb1s,1,2.79994996,0.15169052,1
2020-06-26,rb1s,1,2.70569839,0.15650784285714286,1
2020-06-29,rb1s,1,2.77796572,0.16479784000000003,1
2020-07-02,rb1s,1,2.94495238,0.1552672514285715,-1
2020-07-07,rb1s,1,2.98190461,0.14576382000000013,-1
2020-07-08,rb1s,1,3.01909071,0.14386461500000008,-1
2020-07-09,rb1s,1,2.92460526,0.14198402428571438,-1
2020-07-10,rb1s,1,3.00084847,0.14426212214285722,-1
2020-07-13,rb1s,1,2.97816261,0.1445847864285715,-1
2020-07-15,rb1s,1,2.95734775,0.13076946357142868,-1
2020-07-20,rb1s,1,2.87315279,0.11042234928571437,1
2020-07-21,rb1s,1,2.99289673,0.1134126064285715,-1
2020-07-22,rb1s,1,3.00014685,0.10858476000000006,-1
2020-07-23,rb1s,1,2.94354913,0.10706457357142862,-1
2020-07-24,rb1s,1,2.99045354,0.10429926071428576,-1
2020-07-27,rb1s,1,2.96354898,0.10235766928571434,-1
2020-07-28,rb1s,1,2.9409301,0.10288317785714295,-1
2020-07-29,rb1s,1,2.88854955,0.09951285714285721,-1
2020-07-30,rb1s,1,2.83521662,0.10262168214285723,1
2020-07-31,rb1s,1,2.78831221,0.1057737878571429,1
2020-08-03,rb1s,1,2.88831145,0.10876684357142863,1
2020-08-04,rb1s,1,2.89116857,0.1105818464285715,1
2020-08-05,rb1s,1,2.91140652,0.11343834214285721,1
2020-08-06,rb1s,1,2.92402547,0.11230972000000009,1
2020-08-07,rb1s,1,2.87521631,0.11384012857142865,1
2020-08-10,rb1s,1,2.92688259,0.11032341357142868,1
2020-08-11,rb1s,1,2.86783542,0.11556321785714295,1
2020-08-12,rb1s,1,2.96140614,0.1156113700000001,1
2020-08-13,rb1s,1,2.93997773,0.11590048357142867,1
2020-08-14,rb1s,1,2.96331088,0.11321342857142865,1
2020-08-17,rb1s,1,3.02378662,0.11510116928571436,1
2020-08-18,rb1s,1,3.05473876,0.11557735571428582,1
2020-08-19,rb1s,1,3.07259577,0.10841754571428582,1
2020-08-20,rb1s,1,3.08688138,0.10712503857142866,1
2020-08-21,rb1s,1,3.05735779,0.1042509100000001,1
2020-08-24,rb1s,1,3.17531685,0.10726607928571437,-1
2020-08-25,rb1s,1,3.19724514,0.10497377642857149,-1
2020-08-26,rb1s,1,3.18439063,0.10507760142857145,-1
2020-08-27,rb1s,1,3.07046435,0.11187151642857145,-1
2020-08-28,rb1s,1,3.1417943,0.11350944714285717,-1
2020-08-31,rb1s,1,3.05912214,0.11188415000000004,-1
2020-09-01,rb1s,1,3.08684756,0.10997931428571432,-1
2020-09-02,rb1s,1,3.02963237,0.11436710071428575,-1
2020-09-03,rb1s,1,3.0369418,0.11652960928571433,-1
2020-09-04,rb1s,1,2.96712415,0.11840140500000003,-1
2020-09-08,rb1s,1,2.77959948,0.12955751857142858,1
2020-09-09,rb1s,1,2.82118761,0.12894600571428572,1
2020-09-10,rb1s,1,2.76674497,0.1269777057142857,1
2020-09-11,rb1s,1,2.75968759,0.12462036642857137,1
2020-09-14,rb1s,1,2.78968145,0.11938134285714283,1
2020-09-15,rb1s,1,2.86857288,0.11956137785714284,1
2020-09-16,rb1s,1,2.99661391,0.12595262714285718,1
2020-09-17,rb1s,1,3.08609141,0.12247794785714287,-1
2020-09-18,rb1s,1,3.11684142,0.11860719071428573,-1
2020-09-21,rb1s,1,2.9668721,0.12379220500000002,1
2020-09-22,rb1s,1,2.93460979,0.12465637357142859,1
2020-09-23,rb1s,1,2.97052913,0.12155216357142858,1
2020-09-24,rb1s,1,3.0100404,0.12139924142857142,-1
2020-09-25,rb1s,1,3.05263047,0.11715913071428573,-1
2020-09-28,rb1s,1,3.11266707,0.10770677714285713,-1
2020-09-29,rb1s,1,3.0046525,0.11282566642857142,-1
2020-09-30,rb1s,1,3.031592,0.11285478071428574,-1
2020-10-01,rb1s,1,2.95667453,0.11773001071428572,1
2020-10-02,rb1s,1,2.88252675,0.12311566,1
2020-10-05,rb1s,1,3.06366284,0.1327213057142857,-1
2020-10-06,rb1s,1,3.16885518,0.12917133499999994,-1
2020-10-07,rb1s,1,3.08110937,0.12875468857142852,-1
2020-10-08,rb1s,1,3.15987534,0.13065545714285706,-1
2020-10-09,rb1s,1,3.0870104,0.12393544357142848,-1
2020-10-12,rb1s,1,3.01645456,0.1249479757142856,-1
2020-10-13,rb1s,1,3.03441423,0.12285879071428561,-1
2020-10-14,rb1s,1,3.07135984,0.12337192357142847,-1
2020-10-15,rb1s,1,3.02748693,0.12967613357142846,-1
2020-10-16,rb1s,1,2.99875146,0.12998767928571417,-1
2020-10-19,rb1s,1,2.98207463,0.12214406928571415,-1
2020-10-20,rb1s,1,3.0477557,0.12175921928571413,-1
2020-10-21,rb1s,1,2.92562996,0.12016484071428558,-1
2020-10-22,rb1s,1,2.97129883,0.11659123357142843,-1
2020-10-23,rb1s,1,2.9240777,0.10555100071428562,-1
2020-10-26,rb1s,1,2.84598121,0.10292827071428559,-1
2020-10-27,rb1s,1,2.92874792,0.09952061071428561,-1
2020-10-28,rb1s,1,2.75958211,0.10674996571428563,-1
2020-10-29,rb1s,1,2.6672155,0.11538965785714275,1
2020-10-30,rb1s,1,2.67811269,0.1136939249999999,1
2020-11-02,rb1s,1,2.72948513,0.12603328285714274,1
2020-11-03,rb1s,1,2.79408986,0.12761514142857133,1
2020-11-04,rb1s,1,2.87504037,0.1252474192857142,1
2020-11-05,rb1s,1,2.895278,0.12381155571428562,1
2020-11-06,rb1s,1,2.81354912,0.12752312857142847,1
2020-11-09,rb1s,1,3.01151462,0.1411353449999999,1
2020-11-10,rb1s,1,3.09817318,0.1426987635714285,1
2020-11-11,rb1s,1,3.05095205,0.14724171285714277,1
2020-11-12,rb1s,1,3.00217418,0.14853899642857132,1
2020-11-13,rb1s,1,2.91992639,0.14942856214285707,1
2020-11-16,rb1s,1,2.97545014,0.1523011185714285,1
2020-11-17,rb1s,1,2.99205537,0.14490660071428565,1
2020-11-18,rb1s,1,3.01722267,0.1349916464285714,1
2020-11-19,rb1s,1,3.01618485,0.1344356678571428,1
2020-11-20,rb1s,1,3.04401615,0.1220116314285714,1
2020-11-23,rb1s,1,3.11372446,0.11911660857142851,1
2020-11-24,rb1s,1,3.25392139,0.1222245864285714,1
2020-11-25,rb1s,1,3.30594251,0.12207239214285713,1
2020-11-27,rb1s,1,3.29293723,0.12160797071428571,1
2020-11-30,rb1s,1,3.22947146,0.10720608714285713,1
2020-12-01,rb1s,1,3.17432907,0.10337173999999998,1
2020-12-02,rb1s,1,3.22504966,0.10161652285714284,1
2020-12-03,rb1s,1,3.28175269,0.10234046142857138,1
2020-12-04,rb1s,1,3.29943987,0.10048219928571424,1
2020-12-07,rb1s,1,3.26640646,0.09654874714285709,1
2020-12-08,rb1s,1,3.26666657,0.09559904785714281,1
2020-12-09,rb1s,1,3.31868769,0.09676498714285711,1
2020-12-10,rb1s,1,3.42455068,0.102685985,1
2020-12-11,rb1s,1,3.40140128,0.103410565,1
2020-12-14,rb1s,1,3.43105332,0.10541709428571429,1
2020-12-15,rb1s,1,3.45108145,0.09752103071428568,1
2020-12-16,rb1s,1,3.51896902,0.09880298071428568,1
2020-12-17,rb1s,1,3.6105262,0.09902592857142856,-1
2020-12-18,rb1s,1,3.63003413,0.09675929357142857,-1
2020-12-21,rb1s,1,3.53847694,0.1053242007142857,1
2020-12-22,rb1s,1,3.48411487,0.10292751285714287,1
2020-12-23,rb1s,1,3.59029493,0.10690170142857146,1
2020-12-24,rb1s,1,3.57985955,0.10710429642857146,1
2020-12-28,rb1s,1,3.54985781,0.10836962071428576,1
2020-12-29,rb1s,1,3.59577351,0.10780875214285714,1
2020-12-30,rb1s,1,3.65577699,0.10736319785714284,1
2020-12-31,rb1s,1,3.67873484,0.10189915071428565,1
2021-01-04,rb1s,1,3.58168574,0.11331934142857136,1
2021-01-05,rb1s,1,3.7883064,0.1234987478571428,1
2021-01-06,rb1s,-1,3.84804899,0.12856297499999994,-1
2021-01-07,rb1s,-1,3.86813711,0.12586368857142854,-1
2021-01-08,rb1s,-1,4.02362438,0.13110297285714284,-1
2021-01-11,rb1s,-1,3.96753418,0.13398572642857137,-1
2021-01-12,rb1s,-1,4.05153904,0.1250726671428571,-1
2021-01-13,rb1s,-1,4.04058189,0.12556006857142857,-1
2021-01-14,rb1s,-1,4.053887,0.1215908942857143,-1
2021-01-15,rb1s,-1,3.98736141,0.12460970285714287,-1
2021-01-19,rb1s,-1,4.01266723,0.12470287642857146,-1
2021-01-20,rb1s,-1,4.02779854,0.12589549214285722,-1
2021-01-21,rb1s,-1,4.03823392,0.12384568357142865,-1
2021-01-22,rb1s,-1,4.03249186,0.12636503285714298,-1
2021-01-25,rb1s,-1,4.06616121,0.11736799357142871,-1
2021-01-26,rb1s,-1,4.11027067,0.10592932142857157,-1
2021-01-27,rb1s,-1,4.10191859,0.10155264785714303,-1
2021-01-28,rb1s,-1,4.11183669,0.10643913357142876,-1
2021-01-29,rb1s,-1,4.05258907,0.1083090700000002,-1
2021-02-01,rb1s,-1,4.15020409,0.1114630164285716,-1
2021-02-02,rb1s,-1,4.21780379,0.11318172642857159,-1
2021-02-03,rb1s,-1,4.30289067,0.11339027285714301,-1
2021-02-04,rb1s,-1,4.29297257,0.11240576571428584,-1
2021-02-05,rb1s,-1,4.30471769,0.1090539285714287,-1
2021-02-08,rb1s,-1,4.37127338,0.10780799714285723,-1
2021-02-09,rb1s,-1,4.36814135,0.10958191214285715,-1
2021-02-10,rb1s,-1,4.3154188,0.11183966071428572,-1
2021-02-11,rb1s,-1,4.30706672,0.10995671285714284,-1
2021-02-12,rb1s,-1,4.41747086,0.11523269642857141,-1
2021-02-16,rb1s,-1,4.62731704,0.12731339357142854,-1
2021-02-17,rb1s,-1,4.72545406,0.1338198178571428,-1
2021-02-18,rb1s,-1,4.68317162,0.13876022571428567,-1
2021-02-19,rb1s,-1,4.68739025,0.13325184714285707,-1
2021-02-22,rb1s,-1,4.79161513,0.13591350428571428,-1
2021-02-23,rb1s,-1,4.82040106,0.1366480307142857,-1
2021-02-24,rb1s,-1,4.90775144,0.13838686999999997,-1
2021-02-25,rb1s,-1,4.90452543,0.13751463285714285,-1
2021-02-26,rb1s,-1,4.84025341,0.1404622807142857,-1
2021-03-01,rb1s,-1,4.82139367,0.14735929285714292,-1
2021-03-02,rb1s,-1,4.80526363,0.14976526928571435,-1
2021-03-03,rb1s,-1,4.84347942,0.15155245928571434,-1
2021-03-04,rb1s,-1,4.95787865,0.16437948285714293,-1
2021-03-05,rb1s,-1,5.12364585,0.16648816714285722,-1
2021-03-08,rb1s,-1,5.08394113,0.16207671357142864,-1
2021-03-09,rb1s,-1,5.08766345,0.15936141071428578,-1
2021-03-10,rb1s,-1,5.16037271,0.15711724428571433,1
2021-03-11,rb1s,-1,5.30554309,0.16080411142857148,1
2021-03-12,rb1s,-1,5.33532163,0.1536430821428572,1
2021-03-15,rb1s,-1,5.22265949,0.15933291000000008,1
2021-03-16,rb1s,-1,5.21422224,0.1560005500000001,1
2021-03-17,rb1s,-1,5.07997066,0.16287797428571432,1
2021-03-18,rb1s,1,4.82437153,0.18483964714285722,1
2021-03-19,rb1s,1,4.82188998,0.1853005057142858,1
2021-03-22,rb1s,1,4.86333178,0.18499917571428584,1
2021-03-23,rb1s,-1,4.70600183,0.19242608500000014,-1
2021-03-25,rb1s,1,4.76482996,0.19392441285714299,1
2021-03-31,rb1s,-1,4.86436615,0.1909584371428572,-1
2021-04-05,rb1s,-1,4.86784123,0.1998646635714286,-1
2021-04-06,rb1s,-1,4.88074867,0.20371373214285718,-1
2021-04-07,rb1s,-1,4.84475678,0.20256469071428576,-1
2021-04-08,rb1s,-1,4.86337327,0.17810526214285716,-1
2021-04-09,rb1s,-1,4.87032343,0.17018340357142853,-1
2021-04-12,rb1s,-1,4.88993281,0.16976055285714287,-1
2021-04-13,rb1s,-1,4.90408135,0.1580451821428571,-1
2021-04-14,rb1s,-1,5.05251687,0.15111275357142853,-1
2021-04-15,rb1s,-1,5.09297672,0.14228321571428568,1
2021-04-16,rb1s,-1,5.06343855,0.13549262714285712,1
2021-04-19,rb1s,-1,5.07485666,0.1293935092857143,1
2021-04-20,rb1s,-1,5.00758906,0.13277993857142864,-1
2021-04-21,rb1s,-1,4.92319428,0.12997859928571437,-1
2021-04-22,rb1s,-1,4.90159915,0.12203556142857146,-1
2021-04-23,rb1s,-1,4.96097948,0.11152027285714297,-1
2021-04-26,rb1s,-1,4.92411419,0.11097500071428586,-1
2021-04-27,rb1s,-1,5.01961756,0.10782657000000016,-1
2021-04-28,rb1s,-1,5.13219278,0.1115369564285716,-1
2021-04-29,rb1s,-1,5.2051811,0.11547897785714303,-1
2021-04-30,rb1s,-1,5.13714114,0.11447564785714295,-1
2021-05-03,rb1s,1,5.19949049,0.12174374857142871,1
2021-05-04,rb1s,-1,5.32245726,0.12076339214285728,1
2021-05-05,rb1s,-1,5.32270468,0.1237295192857144,1
2021-05-06,rb1s,-1,5.22967549,0.12716092214285718,-1
2021-05-07,rb1s,-1,5.26233467,0.13225373142857144,-1
2021-05-10,rb1s,-1,5.27841685,0.13604145714285712,1
2021-05-11,rb1s,-1,5.29449902,0.1359416121428571,1
2021-05-12,rb1s,-1,5.34670423,0.14019767571428568,1
2021-05-13,rb1s,1,5.18415057,0.14914007142857136,1
2021-05-14,rb1s,1,5.26159242,0.1479559999999999,-1
2021-05-17,rb1s,1,5.34002394,0.14797367285714266,-1
2021-05-18,rb1s,1,5.34645681,0.14952887142857124,-1
2021-05-19,rb1s,1,5.20072758,0.156880722142857,1
2021-05-20,rb1s,1,5.06514248,0.1612812285714285,1
2021-05-21,rb1s,1,5.12628461,0.16003137928571423,1
2021-05-24,rb1s,-1,5.25203441,0.15719081357142853,-1
2021-05-25,rb1s,-1,5.25500487,0.15305793642857138,-1
2021-05-26,rb1s,-1,5.3250584,0.15251372714285713,-1
2021-05-27,rb1s,-1,5.33495996,0.14857548357142855,-1
2021-05-28,rb1s,-1,5.28966033,0.13756899928571428,-1
2021-06-01,rb1s,-1,5.37258589,0.14119803857142862,-1
2021-06-02,rb1s,-1,5.43125262,0.13579276000000012,1
2021-06-03,rb1s,-1,5.45031313,0.1269239742857143,1
2021-06-04,rb1s,-1,5.47432441,0.12459414642857146,1
2021-06-07,rb1s,-1,5.42877723,0.12074383428571434,1
2021-06-08,rb1s,-1,5.49288983,0.12089066571428576,1
2021-06-09,rb1s,-1,5.4520459,0.11304818500000005,1
2021-06-10,rb1s,-1,5.47605718,0.10951831357142858,1
2021-06-11,rb1s,-1,5.41144951,0.11137485642857138,1
2021-06-14,rb1s,-1,5.3745662,0.11070296499999996,1
2021-06-15,rb1s,-1,5.37283343,0.11086209642857137,1
2021-06-16,rb1s,-1,5.33743535,0.11130412999999997,-1
2021-06-17,rb1s,-1,5.28297678,0.11864189214285707,-1
2021-06-18,rb1s,-1,5.36738757,0.1216300407142856,-1
2021-06-21,rb1s,-1,5.43818372,0.12016248857142843,-1
2021-06-22,rb1s,-1,5.50600939,0.1229030985714284,-1
2021-06-23,rb1s,-1,5.60427368,0.1276667414285713,1
2021-06-24,rb1s,-1,5.62921009,0.12858559642857134,1
2021-06-25,rb1s,-1,5.5827938,0.14158803785714275,1
2021-06-28,rb1s,-1,5.47539439,0.13909006928571413,-1
2021-06-29,rb1s,-1,5.53415544,0.13785083357142833,-1
2021-06-30,rb1s,-1,5.53489613,0.13653857428571406,-1
2021-07-01,rb1s,-1,5.59859509,0.13511438571428552,1
2021-07-02,rb1s,-1,5.67809533,0.13494980357142833,1
2021-07-06,rb1s,-1,5.50131839,0.14793313857142834,-1
2021-07-07,rb1s,-1,5.44650766,0.1569242571428569,-1
2021-07-08,rb1s,-1,5.56798008,0.15905956285714268,1
2021-07-09,rb1s,-1,5.65883751,0.1571984457142856,1
2021-07-12,rb1s,-1,5.62229702,0.15313111285714268,1
2021-07-13,rb1s,-1,5.72377094,0.15393914428571412,1
2021-07-14,rb1s,-1,5.66254094,0.15453874642857127,1
2021-07-15,rb1s,-1,5.55588222,0.15709587571428557,1
2021-07-16,rb1s,-1,5.56402976,0.1482429199999999,1
2021-07-19,rb1s,1,5.21047586,0.1678358164285714,1
2021-07-20,rb1s,1,5.26257075,0.1715392442857143,1
2021-07-21,rb1s,1,5.47292544,0.182578985,1
2021-07-22,rb1s,1,5.61242122,0.18538300857142856,-1
2021-07-23,rb1s,1,5.64688389,0.18307673714285716,-1
2021-07-26,rb1s,1,5.68234548,0.17513540285714294,-1
2021-07-27,rb1s,1,5.69707952,0.1647693621428572,-1
2021-07-28,rb1s,1,5.69882763,0.15490057500000004,-1
2021-07-29,rb1s,1,5.80646105,0.15565856142857143,-1
2021-07-30,rb1s,1,5.83043509,0.15536454357142856,-1
2021-08-02,rb1s,1,5.68059738,0.16106684642857141,-1
2021-08-03,rb1s,1,5.67085792,0.16214242857142855,-1
2021-08-04,rb1s,1,5.61891418,0.1632510757142857,-1
2021-08-05,rb1s,1,5.72879517,0.1658510142857143,-1
2021-08-06,rb1s,1,5.63614552,0.15063859999999998,-1
2021-08-09,rb1s,1,5.5809553,0.15452952142857143,-1
2021-08-10,rb1s,1,5.66361577,0.1447975,-1
2021-08-11,rb1s,1,5.74927299,0.14787555285714285,-1
2021-08-12,rb1s,1,5.68234548,0.15065825285714288,-1
2021-08-13,rb1s,1,5.6503801,0.14550312214285713,-1
2021-08-16,rb1s,1,5.49629699,0.15361933071428568,-1
2021-08-17,rb1s,1,5.40814247,0.16011229785714282,-1
2021-08-18,rb1s,1,5.36344089,0.16193175571428567,-1
2021-08-19,rb1s,1,5.19811994,0.17252742285714287,1
2021-08-20,rb1s,1,5.05352655,0.1722241792857142,1
2021-08-23,rb1s,1,5.30225715,0.1818566035714285,1
2021-08-24,rb1s,1,5.49175693,0.18710832928571422,1
2021-08-26,rb1s,1,5.58437161,0.19333582071428568,1
2021-08-27,rb1s,1,5.65723561,0.18649130571428563,1
2021-09-01,rb1s,1,5.63401521,0.18870769571428564,1
2021-09-02,rb1s,1,5.77440519,0.19802854928571417,1
2021-09-03,rb1s,1,5.74904959,0.19446009285714277,1
2021-09-07,rb1s,1,5.68499332,0.19269592071428562,1
2021-09-08,rb1s,1,5.69059825,0.19052414357142858,1
2021-09-09,rb1s,1,5.60412229,0.18704434499999995,1
2021-09-10,rb1s,1,5.74904959,0.18459031285714284,1
2021-09-13,rb1s,1,5.76746576,0.16925342,1
2021-09-14,rb1s,1,5.79815939,0.15928275785714277,-1
2021-09-15,rb1s,1,5.88943956,0.15205736428571415,-1
2021-09-16,rb1s,1,5.82164668,0.15100882428571413,-1
2021-09-17,rb1s,1,5.79522348,0.14992215571428558,-1
2021-09-20,rb1s,1,5.64549196,0.14654776285714272,1
2021-09-21,rb1s,1,5.61880185,0.15123759642857135,1
2021-09-22,rb1s,1,5.66871236,0.15003654142857137,1
2021-09-23,rb1s,-1,5.78406169,0.15000662785714283,-1
2021-09-24,rb1s,1,5.81561953,0.14724719857142857,1
2021-09-27,rb1s,1,5.90349178,0.14505013785714288,1
2021-09-28,rb1s,1,5.84228046,0.14990578857142856,1
2021-09-29,rb1s,1,5.91709429,0.1503088378571429,1
2021-09-30,rb1s,1,5.96878385,0.15628769214285723,1
2021-10-01,rb1s,1,6.12113203,0.16455923500000008,1
2021-10-04,rb1s,-1,6.28028146,0.17711057500000013,-1
2021-10-05,rb1s,-1,6.41467431,0.177266032857143,1
2021-10-06,rb1s,1,6.27946531,0.18360815214285728,1
2021-10-07,rb1s,-1,6.35074249,0.1952865771428573,-1
2021-10-08,rb1s,-1,6.43725449,0.1899054614285716,-1
2021-10-11,rb1s,1,6.46908438,0.18574446500000016,1
2021-10-12,rb1s,1,6.48268689,0.18384771428571442,1
2021-10-13,rb1s,1,6.54417026,0.18338134142857157,1
2021-10-14,rb1s,1,6.6244251,0.18522739714285721,-1
2021-10-15,rb1s,1,6.76425896,0.18845313714285725,-1
2021-10-18,rb1s,1,6.76480307,0.18305099571428585,-1
2021-10-19,rb1s,1,6.73460548,0.18085516142857155,-1
2021-10-20,rb1s,1,6.82411003,0.179611502857143,-1
2021-10-21,rb1s,1,6.74711979,0.17681327071428582,-1
2021-10-22,rb1s,1,6.73763645,0.16913203285714293,-1
2021-10-25,rb1s,1,6.81322428,0.1674688757142858,-1
2021-10-26,rb1s,1,6.82577576,0.15705484142857154,-1
2021-10-27,rb1s,1,6.63610889,0.15491759428571442,-1
2021-10-28,rb1s,1,6.57948776,0.15834753928571438,1
2021-10-29,rb1s,1,6.60961132,0.15974533928571436,-1
2021-11-01,rb1s,1,6.72006437,0.16502223214285724,-1
2021-11-02,rb1s,1,6.83386449,0.16420213285714289,-1
2021-11-03,rb1s,1,6.5225877,0.17946084571428575,-1
2021-11-04,rb1s,1,6.39456256,0.19549871857142861,-1
2021-11-05,rb1s,1,6.47349745,0.20013365785714285,-1
2021-11-08,rb1s,1,6.47712343,0.1966526007142857,-1
2021-11-09,rb1s,-1,6.62495202,0.19372224928571422,1
2021-11-10,rb1s,-1,6.40739297,0.20586425285714277,1
2021-11-11,rb1s,-1,6.46485087,0.20783662928571425,1
2021-11-12,rb1s,-1,6.44699987,0.21020746571428564,1
2021-11-15,rb1s,1,6.49553228,0.2192525035714285,-1
2021-11-16,rb1s,1,6.55382695,0.21074538714285707,-1
2021-11-17,rb1s,1,6.36025518,0.21720043642857137,-1
2021-11-18,rb1s,1,6.39930424,0.21574605857142856,-1
2021-11-19,rb1s,1,6.16947262,0.22839715714285708,1
2021-11-22,rb1s,1,6.30219251,0.23222869999999998,-1
2021-11-23,rb1s,1,6.5167182,0.23218228928571424,-1
2021-11-24,rb1s,1,6.48124995,0.21301374999999995,-1
2021-11-26,rb1s,1,5.66662442,0.26039863357142856,1
2021-11-29,rb1s,1,5.81507619,0.27939319071428576,-1
2021-11-30,rb1s,1,5.54935038,0.29737112500000007,1
2021-12-01,rb1s,1,5.58081415,0.2948246192857144,1
2021-12-02,rb1s,1,5.62829583,0.30759326214285726,1
2021-12-03,rb1s,1,5.58596276,0.31284735500000016,1
2021-12-06,rb1s,1,5.84453772,0.32024840714285724,1
2021-12-07,rb1s,1,6.00671914,0.3285448407142858,1
2021-12-08,rb1s,1,6.14544575,0.32285120285714297,1
2021-12-09,rb1s,1,6.08795286,0.32613887928571433,1
2021-12-10,rb1s,1,6.11312388,0.31008155285714295,1
2021-12-13,rb1s,1,6.05391479,0.3054232807142858,1
2021-12-14,rb1s,1,6.03761084,0.2939614792857144,1
2021-12-15,rb1s,1,6.08537855,0.2996413021428573,1
2021-12-16,rb1s,1,6.22925378,0.25132194642857153,-1
2021-12-17,rb1s,1,6.06878857,0.23967626642857148,1
2021-12-20,rb1s,1,5.97811571,0.22923601714285718,1
2021-12-21,rb1s,1,6.15602901,0.22359705571428576,1
2021-12-22,rb1s,1,6.21400728,0.20886264928571435,1
2021-12-23,rb1s,1,6.32393637,0.20312353,1
2021-12-27,rb1s,1,6.40171909,0.1965802814285714,1
2021-12-28,rb1s,1,6.44649439,0.18913319285714283,1
2021-12-29,rb1s,1,6.50562074,0.1874558985714285,1
2021-12-30,rb1s,-1,6.57680198,0.18509874071428564,-1
2021-12-31,rb1s,1,6.38507187,0.19251530428571423,1
2022-01-03,rb1s,1,6.47663161,0.19270167357142848,1
2022-01-04,rb1s,1,6.53346179,0.18850586571428568,1
2022-01-05,rb1s,1,6.57881113,0.18621557071428566,1
2022-01-06,rb1s,1,6.6138277,0.18879948857142853,1
2022-01-07,rb1s,1,6.59832856,0.18120733785714283,1
2022-01-10,rb1s,1,6.5308786,0.17037335285714286,1
2022-01-11,rb1s,1,6.76623592,0.17217166928571423,1
2022-01-12,rb1s,1,6.86210097,0.17329925214285705,1
2022-01-13,rb1s,1,6.84287056,0.1683583885714285,1
2022-01-14,rb1s,-1,6.94304093,0.16358153714285706,-1
2022-01-18,rb1s,-1,6.97977963,0.16731281142857135,-1
2022-01-19,rb1s,1,7.05210895,0.16559068499999993,-1
2022-01-20,rb1s,1,7.06703405,0.16792785785714281,-1
2022-01-21,rb1s,-1,7.01020387,0.16386855928571423,-1
2022-01-24,rb1s,1,6.88298006,0.17099046499999998,1
2022-01-25,rb1s,1,7.05633683,0.1748220042857142,1
2022-01-26,rb1s,1,7.22998014,0.18004266357142848,1
2022-01-27,rb1s,1,7.22367626,0.1780327492857142,1
2022-01-28,rb1s,1,7.27210153,0.1817438221428571,1
2022-01-31,rb1s,1,7.31938065,0.1829955721428571,1
2022-02-01,rb1s,1,7.378981,0.1808164585714286,1
2022-02-02,rb1s,1,7.47010075,0.17965026785714291,1
2022-02-03,rb1s,1,7.57239557,0.18735377500000006,1
2022-02-04,rb1s,1,7.67497693,0.18940168214285721,1
2022-02-07,rb1s,1,7.69446166,0.18704722857142864,1
2022-02-08,rb1s,-1,7.52196451,0.19710098714285726,-1
2022-02-09,rb1s,1,7.60305537,0.19763346642857155,1
2022-02-10,rb1s,1,7.63744018,0.1970781985714287,1
2022-02-11,rb1s,1,7.84718754,0.20287040214285726,-1
2022-02-14,rb1s,-1,7.96409591,0.20677962785714296,1
2022-02-15,rb1s,1,7.64804216,0.21736114500000012,1
2022-02-16,rb1s,1,7.67096537,0.2324863700000001,1
2022-02-17,rb1s,1,7.58930144,0.2367230700000001,1
2022-02-18,rb1s,1,7.63245948,0.24387086142857145,1
2022-02-22,rb1s,1,7.7475476,0.2561076578571428,1
2022-02-23,rb1s,1,7.80644883,0.261491195,1
2022-02-24,rb1s,1,7.9163797,0.2838960535714286,1
2022-02-25,rb1s,1,7.80129158,0.29564834928571443,1
2022-02-28,rb1s,1,7.95980918,0.31480398785714303,1
2022-03-01,rb1s,1,8.38378947,0.33945746928571446,1
2022-03-02,rb1s,-1,8.97985907,0.3797438421428572,-1
2022-03-03,rb1s,-1,8.91498628,0.42100171357142857,-1
2022-03-04,rb1s,-1,9.61962958,0.45350794000000005,-1
2022-03-07,rb1s,-1,9.6959026,0.5048192642857144,1
2022-03-08,rb1s,-1,9.99583744,0.5374556785714287,1
2022-03-09,rb1s,-1,8.9405011,0.6249626757142858,1
2022-03-11,rb1s,-1,8.99017357,0.6916144521428572,1
2022-03-15,rb1s,1,8.13787005,0.7464635578571429,1
2022-03-16,rb1s,1,8.10909802,0.7380878721428571,1
2022-03-23,rb1s,-1,9.33380932,0.6936502071428573,1
2022-03-24,rb1s,-1,9.19569242,0.6652374200000002,1
2022-03-25,rb1s,-1,9.37966632,0.6266879992857144,1
2022-03-30,rb1s,-1,8.97050181,0.5304264521428573,1
2022-03-31,rb1s,1,8.60064331,0.517615135714286,1
2022-04-01,rb1s,1,8.60774022,0.4923806235714287,1
2022-04-04,rb1s,1,8.72947963,0.46201966928571453,1
2022-04-05,rb1s,1,8.63885747,0.46109210857142874,1
2022-04-06,rb1s,1,8.31485596,0.4452886914285716,1
2022-04-07,rb1s,1,8.29738663,0.4525500100000003,1
2022-04-08,rb1s,1,8.54796235,0.44210004285714305,1
2022-04-11,rb1s,1,8.19721093,0.4451202642857144,1
2022-04-12,rb1s,1,8.6085591,0.44810005500000016,1
2022-04-13,rb1s,1,8.98387677,0.450127745,1
2022-04-14,rb1s,-1,9.22981221,0.45201895642857143,-1
2022-04-18,rb1s,-1,9.22080458,0.41171861142857136,1
2022-04-19,rb1s,-1,8.86404807,0.39910403857142857,-1
2022-04-20,rb1s,-1,8.96613448,0.3951656407142856,-1
2022-04-21,rb1s,-1,9.11298605,0.37861266857142845,-1
2022-04-22,rb1s,-1,9.02645732,0.3761824685714285,-1
2022-04-25,rb1s,1,8.8468072,0.3845004421428571,1
2022-04-26,rb1s,-1,9.09513092,0.38937004714285706,-1
2022-04-27,rb1s,-1,9.37669265,0.38283891071428566,-1
2022-04-28,rb1s,-1,9.54810195,0.377709852142857,-1
2022-04-29,rb1s,-1,9.45607933,0.368466262142857,-1
2022-05-02,rb1s,-1,9.64204743,0.3778402714285714,-1
2022-05-03,rb1s,-1,9.61759963,0.36445693214285707,-1
2022-05-04,rb1s,-1,10.03266283,0.3669930949999999,-1
2022-05-05,rb1s,-1,10.05024327,0.36007489928571407,-1
2022-05-06,rb1s,-1,10.32576174,0.3748730485714284,1
2022-05-09,rb1s,-1,10.00409462,0.38237441928571414,-1
2022-05-10,rb1s,1,9.72830146,0.3924006907142857,1
2022-05-11,rb1s,1,10.12386137,0.4167702378571428,1
2022-05-12,rb1s,-1,10.4155868,0.43856919857142845,-1
2022-05-13,rb1s,-1,10.87185416,0.441414247142857,1
2022-05-16,rb1s,-1,11.05068021,0.4375292842857143,1
2022-05-17,rb1s,-1,10.82762837,0.43866730428571427,1
2022-05-18,rb1s,-1,10.22027909,0.47376932214285716,-1
2022-05-19,rb1s,-1,10.52546455,0.5162488457142859,-1
2022-05-20,rb1s,-1,10.54002335,0.5026122321428571,-1
2022-05-23,rb1s,-1,10.51288559,0.5165617842857143,-1
2022-05-24,rb1s,-1,10.54002335,0.5150084892857143,-1
2022-05-25,rb1s,1,10.64171857,0.5060773464285715,1
2022-05-26,rb1s,1,10.83339691,0.49337365428571445,1
2022-05-27,rb1s,-1,11.17476146,0.4835379357142858,-1
2022-05-31,rb1s,-1,11.18704487,0.4837184171428572,-1
2022-06-01,rb1s,-1,11.63096162,0.4819622242857144,-1
2022-06-02,rb1s,-1,11.97175485,0.49446956071428577,1
2022-06-03,rb1s,-1,12.14686487,0.4903828807142858,1
2022-06-06,rb1s,-1,11.97775373,0.4899412021428572,1
2022-06-07,rb1s,-1,11.87691549,0.49944274071428574,1
2022-06-08,rb1s,-1,12.06030967,0.4747239092857144,1
2022-06-09,rb1s,-1,12.21542344,0.4461919700000001,1
2022-06-10,rb1s,-1,11.9183363,0.46354572071428585,1
2022-06-13,rb1s,1,11.52726678,0.4701159171428572,-1
2022-06-14,rb1s,1,11.40871758,0.47556387500000025,-1
2022-06-15,rb1s,1,11.12419951,0.49590699857142884,-1
2022-06-16,rb1s,1,11.30016651,0.5048645021428574,-1
2022-06-24,rb1s,1,11.10492121,0.5374380014285717,-1
2022-06-27,rb1s,1,10.98217596,0.5324772771428573,-1
2022-06-28,rb1s,-1,11.28845179,0.526463307857143,1
2022-06-29,rb1s,-1,10.93343024,0.5361634371428572,1
2020-05-05,ng1s,-1,0.00252722,0.00019015214285714288,1
2020-05-06,ng1s,-1,0.00230221,0.00019280500000000005,1
2020-05-07,ng1s,-1,0.00224299,0.00018853071428571433,1
2020-05-08,ng1s,-1,0.00215891,0.00017425142857142864,1
2020-05-11,ng1s,-1,0.00216246,0.00016414571428571438,1
2020-05-14,ng1s,-1,0.00199075,0.00016106071428571438,-1
2020-05-15,ng1s,-1,0.0019493,0.00015564571428571436,-1
2020-05-18,ng1s,-1,0.00211154,0.00016165142857142866,1
2020-05-19,ng1s,-1,0.0021672,0.00016004428571428575,1
2020-05-20,ng1s,-1,0.00209733,0.00016156642857142862,1
2020-05-21,ng1s,-1,0.00203471,0.00015597785714285717,1
2020-05-27,ng1s,-1,0.00207206,0.0001363507142857143,1
2020-05-28,ng1s,-1,0.00200724,0.00013430857142857146,1
2020-05-29,ng1s,-1,0.00203141,0.0001325,1
2020-06-01,ng1s,-1,0.00194901,0.00013353714285714284,1
2020-06-02,ng1s,-1,0.00195231,0.0001230392857142857,1
2020-08-03,ng1s,-1,0.00214977,0.00011320857142857139,-1
2020-08-06,ng1s,-1,0.00221526,0.00012436071428571427,-1
2020-08-10,ng1s,-1,0.00220298,0.00013139000000000003,-1
2020-09-24,ng1s,-1,0.00199303,0.00015695357142857144,1
2020-10-09,ng1s,-1,0.00188441,0.00013204642857142857,-1
2020-10-14,ng1s,-1,0.00181222,0.00013155357142857142,-1
2020-10-26,ng1s,-1,0.00205527,0.00011854928571428576,1
2020-10-27,ng1s,-1,0.00209192,0.00011478642857142863,1
2021-02-16,ng1s,-1,0.00190056,0.00011557928571428573,1
2021-10-05,ng1s,-1,0.00365583,0.0002516621428571429,1
2021-10-06,ng1s,-1,0.00328689,0.0002693328571428572,1
2021-10-07,ng1s,-1,0.00328805,0.00027298785714285716,1
2021-10-08,ng1s,-1,0.00322318,0.00027539714285714287,1
2021-10-12,ng1s,-1,0.00318843,0.0002909592857142858,1
2021-10-13,ng1s,-1,0.00323766,0.00029207642857142856,1
2021-10-14,ng1s,-1,0.00329384,0.00029935714285714293,1
2021-10-15,ng1s,-1,0.0031334,0.0002867400000000001,1
2021-10-18,ng1s,-1,0.00288957,0.00027780357142857153,-1
2021-10-19,ng1s,-1,0.00294691,0.0002670892857142858,-1
2021-10-20,ng1s,-1,0.0029944,0.00025285785714285723,-1
2021-10-21,ng1s,-1,0.00296254,0.00024226642857142866,-1
2021-10-22,ng1s,-1,0.00302627,0.00023391071428571436,-1
2021-10-25,ng1s,-1,0.003356,0.00023572142857142866,1
2021-10-26,ng1s,-1,0.00332663,0.00022237071428571434,1
2021-10-27,ng1s,-1,0.00343469,0.00021972000000000004,1
2021-10-28,ng1s,-1,0.00320416,0.00022566428571428574,1
2021-10-29,ng1s,-1,0.00300688,0.00022261000000000004,1
2021-11-01,ng1s,-1,0.00287388,0.00022300428571428573,-1
2021-11-02,ng1s,-1,0.00307116,0.0002238164285714286,1
2021-11-03,ng1s,-1,0.00314209,0.00022417714285714285,1
2021-11-04,ng1s,-1,0.00316758,0.00022158142857142855,1
2021-11-05,ng1s,-1,0.00305675,0.00021301,1
2021-11-08,ng1s,-1,0.00300743,0.0002128342857142857,1
2021-11-09,ng1s,-1,0.00275917,0.0002220985714285714,1
2021-11-10,ng1s,-1,0.00270431,0.00022566214285714282,1
2021-11-11,ng1s,-1,0.00285337,0.00022732428571428567,1
2021-11-12,ng1s,-1,0.00265498,0.00021532999999999996,-1
2021-11-15,ng1s,-1,0.00278023,0.00020939285714285713,1
2021-11-16,ng1s,-1,0.00286889,0.00020868,1
2021-11-17,ng1s,-1,0.00266884,0.0002040885714285714,-1
2021-11-18,ng1s,-1,0.0027165,0.00019537999999999996,-1
2021-11-19,ng1s,-1,0.00280682,0.00019288642857142853,1
2021-11-22,ng1s,-1,0.00265189,0.00019382142857142854,-1
2021-11-23,ng1s,-1,0.00274682,0.0001903021428571428,1
2021-11-24,ng1s,-1,0.00278991,0.00018693571428571423,1
2021-11-26,ng1s,-1,0.00298795,0.00019585499999999993,1
2021-11-29,ng1s,-1,0.00264807,0.00021033357142857137,1
2021-11-30,ng1s,-1,0.0024915,0.00020457428571428566,1
2022-01-13,ng1s,-1,0.00239948,0.00017235571428571433,1
2022-01-14,ng1s,-1,0.00239498,0.00016705785714285718,1
2022-01-18,ng1s,-1,0.00240678,0.00016497071428571433,1
2022-01-25,ng1s,-1,0.00231374,0.0001605407142857143,-1
2022-01-26,ng1s,-1,0.00239812,0.00016766142857142856,-1
2022-01-27,ng1s,-1,0.00254488,0.0001806935714285714,-1
2022-01-28,ng1s,-1,0.00275641,0.0001986364285714286,-1
2022-01-31,ng1s,-1,0.00289604,0.000204455,-1
2022-02-01,ng1s,-1,0.00282295,0.0002092842857142857,-1
2022-02-02,ng1s,-1,0.00326859,0.00021631357142857144,1
2022-02-03,ng1s,-1,0.00290436,0.00022082071428571433,1
2022-02-04,ng1s,-1,0.0027166,0.0002379364285714286,1
2022-02-08,ng1s,-1,0.00252408,0.00024391142857142865,-1
2022-02-09,ng1s,-1,0.00238207,0.0002453500000000001,-1
2022-02-10,ng1s,-1,0.00235236,0.00024353071428571436,-1
2022-02-11,ng1s,-1,0.00234167,0.00024187500000000007,-1
2022-02-14,ng1s,-1,0.00249259,0.00024739214285714287,-1
2022-02-15,ng1s,-1,0.00255854,0.0002445478571428572,-1
2022-02-17,ng1s,-1,0.0026655,0.0002361442857142857,-1
2022-02-18,ng1s,-1,0.00263361,0.00023039499999999997,-1
2022-02-22,ng1s,-1,0.00268415,0.00023122928571428568,-1
2022-02-23,ng1s,-1,0.00276357,0.00020704285714285707,-1
2022-02-24,ng1s,-1,0.00279245,0.0001944314285714285,-1
2022-02-25,ng1s,-1,0.00268956,0.00018181714285714278,-1
2022-02-28,ng1s,-1,0.00264865,0.00017625714285714279,-1
2022-03-01,ng1s,-1,0.00275154,0.0001797642857142856,-1
2022-03-02,ng1s,-1,0.00286526,0.00018257642857142845,-1
2022-03-03,ng1s,-1,0.00284119,0.00018791928571428558,-1
2022-03-04,ng1s,-1,0.00301809,0.00019416214285714276,1
2022-03-07,ng1s,-1,0.00290798,0.00019925928571428564,-1
2022-03-08,ng1s,-1,0.00272386,0.00020387428571428564,-1
2022-03-09,ng1s,-1,0.00272326,0.00019297571428571422,-1
2022-03-10,ng1s,-1,0.00278644,0.00018377357142857135,-1
2022-03-11,ng1s,-1,0.002843,0.00017930428571428568,-1
2022-03-14,ng1s,-1,0.00280268,0.00017431857142857142,-1
2022-03-15,ng1s,-1,0.00274853,0.00017324357142857143,-1
2022-03-16,ng1s,-1,0.00285683,0.00016572214285714287,-1
2022-03-17,ng1s,-1,0.00300244,0.00016619428571428571,-1
2022-05-04,ng1s,-1,0.00492453,0.0003523821428571427,1
2022-05-05,ng1s,-1,0.00513988,0.00036877142857142834,1
2022-05-06,ng1s,-1,0.00470683,0.00037958571428571417,1
2022-05-17,ng1s,-1,0.00485957,0.00039304928571428575,-1
2022-05-18,ng1s,-1,0.00489702,0.0003865700000000001,-1
2022-05-19,ng1s,-1,0.00486191,0.000389287142857143,-1
2022-05-25,ng1s,-1,0.00520164,0.000378487142857143,1
2022-06-01,ng1s,-1,0.00502985,0.00033750642857142873,-1
2022-06-02,ng1s,-1,0.00490781,0.00034323785714285727,-1
2022-06-03,ng1s,-1,0.00492979,0.0003439507142857144,-1
2022-06-06,ng1s,-1,0.00539194,0.0003584478571428572,1
2022-06-07,ng1s,-1,0.00537517,0.00035527214285714295,1
2022-06-08,ng1s,-1,0.00503159,0.00039016071428571436,1
2022-06-17,ng1s,-1,0.00401648,0.000451037142857143,1
2022-06-21,ng1s,-1,0.00393782,0.000435502142857143,1
2022-06-22,ng1s,-1,0.00396674,0.0004234792857142857,1
2022-06-29,ng1s,-1,0.00375085,0.0003694542857142858,1
